cancer_type,gene,cancer_type,genomic_dna_change,cancer_type
brain,          "symbol": "DDB1", brain,  "genomic_dna_change": "chr11:g.61311800G>C", brain,
brain,          "symbol": "ERBB2", brain,  "genomic_dna_change": "chr17:g.39724782C>A", brain,
brain,          "symbol": "SLC6A17", brain,  "genomic_dna_change": "chr1:g.110167141T>A", brain,
brain,          "symbol": "ANKRD27", brain,  "genomic_dna_change": "chr19:g.32639353T>G", brain,
brain,          "symbol": "FAM222A", brain,  "genomic_dna_change": "chr12:g.109768082delG", brain,
brain,          "symbol": "COPRS", brain,  "genomic_dna_change": "chr17:g.31852074T>G", brain,
brain,          "symbol": "KLHL7", brain,  "genomic_dna_change": "chr7:g.23140885G>A", brain,
brain,          "symbol": "SERPINA4", brain,  "genomic_dna_change": "chr14:g.94564118C>G", brain,
brain,          "symbol": "EGFR", brain,  "genomic_dna_change": "chr7:g.55156912C>T", brain,
brain,          "symbol": "FLRT1", brain,  "genomic_dna_change": "chr11:g.64117779C>G", brain,
brain,          "symbol": "XRCC6P5", brain,  "genomic_dna_change": "chrX:g.99719944A>T", brain,
brain,          "symbol": "LIN28B", brain,  "genomic_dna_change": "chr6:g.105078437A>T", brain,
brain,          "symbol": "RHBDD2", brain,  "genomic_dna_change": "chr7:g.75881905C>A", brain,
brain,          "symbol": "KRI1", brain,  "genomic_dna_change": "chr19:g.10562726T>C", brain,
brain,          "symbol": "SPAG17", brain,  "genomic_dna_change": "chr1:g.118099785T>G", brain,
brain,          "symbol": "CLOCK", brain,  "genomic_dna_change": "chr4:g.55443767G>T", brain,
brain,          "symbol": "GPATCH8", brain,  "genomic_dna_change": "chr17:g.44401086C>A", brain,
brain,          "symbol": "TCF23", brain,  "genomic_dna_change": "chr2:g.27150130C>A", brain,
brain,          "symbol": "ADNP", brain,  "genomic_dna_change": "chr20:g.50891806A>T", brain,
brain,          "symbol": "SLC22A14", brain,  "genomic_dna_change": "chr3:g.38318305_38318306insTG", brain,
brain,          "symbol": "DSCR3", brain,  "genomic_dna_change": "chr21:g.37267266T>G", brain,
brain,          "symbol": "BRWD3", brain,  "genomic_dna_change": "chrX:g.80744222G>C", brain,
brain,          "symbol": "KLHDC3", brain,  "genomic_dna_change": "chr6:g.43017272A>T", brain,
brain,          "symbol": "PPP1R16B", brain,  "genomic_dna_change": "chr20:g.38889662delCC", brain,
brain,          "symbol": "IL10", brain,  "genomic_dna_change": "chr1:g.206768682A>C", brain,
brain,          "symbol": "GNA12", brain,  "genomic_dna_change": "chr7:g.2731480T>C", brain,
brain,          "symbol": "STS", brain,  "genomic_dna_change": "chrX:g.7259367T>C", brain,
brain,          "symbol": "GNA14", brain,  "genomic_dna_change": "chr9:g.77423905A>G", brain,
brain,          "symbol": "MYLK3", brain,  "genomic_dna_change": "chr16:g.46727299G>C", brain,
brain,          "symbol": "CROT", brain,  "genomic_dna_change": "chr7:g.87361813G>T", brain,
brain,          "symbol": "OXA1L", brain,  "genomic_dna_change": "chr14:g.22766631A>C", brain,
brain,          "symbol": "ESPL1", brain,  "genomic_dna_change": "chr12:g.53286865G>C", brain,
brain,          "symbol": "OR5K3", brain,  "genomic_dna_change": "chr3:g.98391452G>C", brain,
brain,          "symbol": "FIBIN", brain,  "genomic_dna_change": "chr11:g.26994508G>C", brain,
brain,          "symbol": "TUBA3C", brain,  "genomic_dna_change": "chr13:g.19178356G>C", brain,
brain,          "symbol": "PLIN3", brain,  "genomic_dna_change": "chr19:g.4860004C>T", brain,
brain,          "symbol": "NETO1", brain,  "genomic_dna_change": "chr18:g.72864938T>G", brain,
brain,          "symbol": "SNAPC1", brain,  "genomic_dna_change": "chr14:g.61776254G>C", brain,
brain,          "symbol": "PTPRC", brain,  "genomic_dna_change": "chr1:g.198703386C>T", brain,
brain,          "symbol": "RPL3L", brain,  "genomic_dna_change": "chr16:g.1954010C>A", brain,
brain,          "symbol": "SPNS2", brain,  "genomic_dna_change": "chr17:g.4525190G>T", brain,
brain,          "symbol": "FLT1", brain,  "genomic_dna_change": "chr13:g.28427159C>T", brain,
brain,          "symbol": "AP4S1", brain,  "genomic_dna_change": "chr14:g.31069885_31069886insG", brain,
brain,          "symbol": "NEIL3", brain,  "genomic_dna_change": "chr4:g.177360670T>C", brain,
brain,          "symbol": "SEC23IP", brain,  "genomic_dna_change": "chr10:g.119919568delA", brain,
brain,          "symbol": "JADE3", brain,  "genomic_dna_change": "chrX:g.47054259C>T", brain,
brain,          "symbol": "AGPAT6", brain,  "genomic_dna_change": "chr8:g.41618754T>A", brain,
brain,          "symbol": "PYGL", brain,  "genomic_dna_change": "chr14:g.50913027A>T", brain,
brain,          "symbol": "PLEKHH2", brain,  "genomic_dna_change": "chr2:g.43741092C>A", brain,
brain,          "symbol": "SLC1A3", brain,  "genomic_dna_change": "chr5:g.36679814G>T", brain,
brain,          "symbol": "KCNS3", brain,  "genomic_dna_change": "chr2:g.17931923G>C", brain,
brain,          "symbol": "ZNF10", brain,  "genomic_dna_change": "chr12:g.133156245C>A", brain,
brain,          "symbol": "CENPF", brain,  "genomic_dna_change": "chr1:g.214642787C>G", brain,
brain,          "symbol": "M6PR", brain,  "genomic_dna_change": "chr12:g.8943450G>C", brain,
brain,          "symbol": "KAT5", brain,  "genomic_dna_change": "chr11:g.65714631A>T", brain,
brain,          "symbol": "PHLPP2", brain,  "genomic_dna_change": "chr16:g.71678967A>T", brain,
brain,          "symbol": "DSG1", brain,  "genomic_dna_change": "chr18:g.31354505_31354506insG", brain,
brain,          "symbol": "TET1", brain,  "genomic_dna_change": "chr10:g.68682902G>C", brain,
brain,          "symbol": "WDFY3", brain,  "genomic_dna_change": "chr4:g.84737258C>G", brain,
brain,          "symbol": "MYH7", brain,  "genomic_dna_change": "chr14:g.23429891A>C", brain,
brain,          "symbol": "CDADC1", brain,  "genomic_dna_change": "chr13:g.49280689C>T", brain,
brain,          "symbol": "CORO6", brain,  "genomic_dna_change": "chr17:g.29619677T>A", brain,
brain,          "symbol": "ATP2C2", brain,  "genomic_dna_change": "chr16:g.84440955G>A", brain,
brain,          "symbol": "ZNF398", brain,  "genomic_dna_change": "chr7:g.149179016C>G", brain,
brain,          "symbol": "SLC7A13", brain,  "genomic_dna_change": "chr8:g.86229703C>T", brain,
brain,          "symbol": "SYN1", brain,  "genomic_dna_change": "chrX:g.47576223A>C", brain,
brain,          "symbol": "GPRIN3", brain,  "genomic_dna_change": "chr4:g.89249121G>C", brain,
brain,          "symbol": "PSG8", brain,  "genomic_dna_change": "chr19:g.42755179C>A", brain,
brain,          "symbol": "FAM118A", brain,  "genomic_dna_change": "chr22:g.45322375C>G", brain,
brain,          "symbol": "GEMIN7", brain,  "genomic_dna_change": "chr19:g.45090180C>T", brain,
brain,          "symbol": "RNF146", brain,  "genomic_dna_change": "chr6:g.127287062A>C", brain,
brain,          "symbol": "SRRM1", brain,  "genomic_dna_change": "chr1:g.24669324A>T", brain,
brain,          "symbol": "RAG2", brain,  "genomic_dna_change": "chr11:g.36593158T>A", brain,
brain,          "symbol": "SUSD4", brain,  "genomic_dna_change": "chr1:g.223223371_223223372insA", brain,
brain,          "symbol": "OSER1", brain,  "genomic_dna_change": "chr20:g.44197196A>T", brain,
brain,          "symbol": "NEDD9", brain,  "genomic_dna_change": "chr6:g.11190307G>C", brain,
brain,          "symbol": "ZNF433", brain,  "genomic_dna_change": "chr19:g.12015992C>A", brain,
brain,          "symbol": "EIF2B5", brain,  "genomic_dna_change": "chr3:g.184136704C>T", brain,
brain,          "symbol": "CTBS", brain,  "genomic_dna_change": "chr1:g.84555174A>T", brain,
brain,          "symbol": "NRP1", brain,  "genomic_dna_change": "chr10:g.33180026C>G", brain,
brain,          "symbol": "MAGEA10", brain,  "genomic_dna_change": "chrX:g.152135032T>C", brain,
brain,          "symbol": "SAMD9", brain,  "genomic_dna_change": "chr7:g.93102272C>T", brain,
brain,          "symbol": "FREM2", brain,  "genomic_dna_change": "chr13:g.38691884G>T", brain,
brain,          "symbol": "SERPINA12", brain,  "genomic_dna_change": "chr14:g.94489671T>C", brain,
brain,          "symbol": "FANK1", brain,  "genomic_dna_change": "chr10:g.125980328_125980329insG", brain,
brain,          "symbol": "SLC10A1", brain,  "genomic_dna_change": "chr14:g.69778463A>C", brain,
brain,          "symbol": "P2RY10", brain,  "genomic_dna_change": "chrX:g.78960745C>T", brain,
brain,          "symbol": "SDHB", brain,  "genomic_dna_change": "chr1:g.17018944C>A", brain,
brain,          "symbol": "PRPH", brain,  "genomic_dna_change": "chr12:g.49297208G>A", brain,
brain,          "symbol": "PYROXD2", brain,  "genomic_dna_change": "chr10:g.98392542T>C", brain,
brain,          "symbol": "MVB12A", brain,  "genomic_dna_change": "chr19:g.17422416T>A", brain,
brain,          "symbol": "LIF", brain,  "genomic_dna_change": "chr22:g.30243751G>A", brain,
brain,          "symbol": "MLLT3", brain,  "genomic_dna_change": "chr9:g.20456707G>T", brain,
brain,          "symbol": "C20orf196", brain,  "genomic_dna_change": "chr20:g.5863341G>T", brain,
brain,          "symbol": "MCUR1", brain,  "genomic_dna_change": "chr6:g.13791886T>C", brain,
brain,          "symbol": "DOCK2", brain,  "genomic_dna_change": "chr5:g.169718733C>T", brain,
brain,          "symbol": "ZNF229", brain,  "genomic_dna_change": "chr19:g.44432198T>A", brain,
brain,          "symbol": "SLFN5", brain,  "genomic_dna_change": "chr17:g.35259402_35259403insATA", brain,
brain,          "symbol": "MYEOV2", brain,  "genomic_dna_change": "chr2:g.240133981T>C", brain,
brain,          "symbol": "EARS2", brain,  "genomic_dna_change": "chr16:g.23524408T>A", brain,
brain,          "symbol": "ERBB2", brain,  "genomic_dna_change": "chr17:g.39723944A>T", brain,
brain,          "symbol": "TOX4", brain,  "genomic_dna_change": "chr14:g.21498413T>C", brain,
brain,          "symbol": "KCNA3", brain,  "genomic_dna_change": "chr1:g.110673771G>A", brain,
brain,          "symbol": "RELN", brain,  "genomic_dna_change": "chr7:g.103565549T>A", brain,
brain,          "symbol": "AC018462.2", brain,  "genomic_dna_change": "chr2:g.62146423T>G", brain,
brain,          "symbol": "CILP", brain,  "genomic_dna_change": "chr15:g.65198724C>T", brain,
brain,          "symbol": "C2orf42", brain,  "genomic_dna_change": "chr2:g.70181223A>T", brain,
brain,          "symbol": "CCNT1", brain,  "genomic_dna_change": "chr12:g.48693757A>G", brain,
brain,          "symbol": "CYP19A1", brain,  "genomic_dna_change": "chr15:g.51236943C>A", brain,
brain,          "symbol": "KIF3B", brain,  "genomic_dna_change": "chr20:g.32310834G>C", brain,
brain,          "symbol": "ZNF287", brain,  "genomic_dna_change": "chr17:g.16553205T>A", brain,
brain,          "symbol": "TMEM117", brain,  "genomic_dna_change": "chr12:g.44388505C>A", brain,
brain,          "symbol": "SEPT11", brain,  "genomic_dna_change": "chr4:g.77014883G>T", brain,
brain,          "symbol": "GALT", brain,  "genomic_dna_change": "chr9:g.34647755C>G", brain,
brain,          "symbol": "INTS8", brain,  "genomic_dna_change": "chr8:g.94836599A>G", brain,
brain,          "symbol": "SHROOM3", brain,  "genomic_dna_change": "chr4:g.76739918G>T", brain,
brain,          "symbol": "TMEM132B", brain,  "genomic_dna_change": "chr12:g.125349453G>C", brain,
brain,          "symbol": "LCAT", brain,  "genomic_dna_change": "chr16:g.67940237T>A", brain,
brain,          "symbol": "MORN1", brain,  "genomic_dna_change": "chr1:g.2388337C>G", brain,
brain,          "symbol": "KIF23", brain,  "genomic_dna_change": "chr15:g.69417475G>A", brain,
brain,          "symbol": "TMPRSS3", brain,  "genomic_dna_change": "chr21:g.42382019T>A", brain,
brain,          "symbol": "ZAR1", brain,  "genomic_dna_change": "chr4:g.48492960G>A", brain,
brain,          "symbol": "SNX16", brain,  "genomic_dna_change": "chr8:g.81839856A>T", brain,
brain,          "symbol": "PPM1J", brain,  "genomic_dna_change": "chr1:g.112713500G>A", brain,
brain,          "symbol": "CLPTM1L", brain,  "genomic_dna_change": "chr5:g.1341767G>A", brain,
brain,          "symbol": "RASGRF1", brain,  "genomic_dna_change": "chr15:g.79006373A>T", brain,
brain,          "symbol": "MYO3B", brain,  "genomic_dna_change": "chr2:g.170466517G>T", brain,
brain,          "symbol": "GCNT2", brain,  "genomic_dna_change": "chr6:g.10529405C>A", brain,
brain,          "symbol": "SYNPO2L", brain,  "genomic_dna_change": "chr10:g.73648633A>C", brain,
brain,          "symbol": "EGF", brain,  "genomic_dna_change": "chr4:g.109999754C>A", brain,
brain,          "symbol": "MRE11A", brain,  "genomic_dna_change": "chr11:g.94466561_94466562insATGT", brain,
brain,          "symbol": "AMY2B", brain,  "genomic_dna_change": "chr1:g.103579479_103579480insG", brain,
brain,          "symbol": "NEURL4", brain,  "genomic_dna_change": "chr17:g.7325373G>A", brain,
brain,          "symbol": "FAM208B", brain,  "genomic_dna_change": "chr10:g.5749809T>C", brain,
brain,          "symbol": "TRIP6", brain,  "genomic_dna_change": "chr7:g.100873268C>T", brain,
brain,          "symbol": "NUP155", brain,  "genomic_dna_change": "chr5:g.37291895A>G", brain,
brain,          "symbol": "ZCCHC11", brain,  "genomic_dna_change": "chr1:g.52481538G>T", brain,
brain,          "symbol": "ZNF10", brain,  "genomic_dna_change": "chr12:g.133156841T>C", brain,
brain,          "symbol": "LRP1", brain,  "genomic_dna_change": "chr12:g.57143757A>T", brain,
brain,          "symbol": "FBXO34", brain,  "genomic_dna_change": "chr14:g.55352529delT", brain,
brain,          "symbol": "PTCHD1", brain,  "genomic_dna_change": "chrX:g.23393311T>C", brain,
brain,          "symbol": "ENTHD1", brain,  "genomic_dna_change": "chr22:g.39744094T>A", brain,
brain,          "symbol": "PSMB8", brain,  "genomic_dna_change": "chr6:g.32844409A>T", brain,
brain,          "symbol": "CREG2", brain,  "genomic_dna_change": "chr2:g.101383637C>A", brain,
brain,          "symbol": "SUPV3L1", brain,  "genomic_dna_change": "chr10:g.69186446G>C", brain,
brain,          "symbol": "SEC23IP", brain,  "genomic_dna_change": "chr10:g.119898811A>T", brain,
brain,          "symbol": "HOXA2", brain,  "genomic_dna_change": "chr7:g.27100651C>G", brain,
brain,          "symbol": "GAD2", brain,  "genomic_dna_change": "chr10:g.26217939G>C", brain,
brain,          "symbol": "OR4M1", brain,  "genomic_dna_change": "chr14:g.19780572G>T", brain,
brain,          "symbol": "LRRTM3", brain,  "genomic_dna_change": "chr10:g.66926491G>C", brain,
brain,          "symbol": "RGL1", brain,  "genomic_dna_change": "chr1:g.183926298G>T", brain,
brain,          "symbol": "HECW2", brain,  "genomic_dna_change": "chr2:g.196257887G>A", brain,
brain,          "symbol": "UGT2B17", brain,  "genomic_dna_change": "chr4:g.68567907G>C", brain,
brain,          "symbol": "CNTFR", brain,  "genomic_dna_change": "chr9:g.34556384C>G", brain,
brain,          "symbol": "SIT1", brain,  "genomic_dna_change": "chr9:g.35650390G>T", brain,
brain,          "symbol": "NCAPG2", brain,  "genomic_dna_change": "chr7:g.158690722C>A", brain,
brain,          "symbol": "COLEC12", brain,  "genomic_dna_change": "chr18:g.357508T>A", brain,
brain,          "symbol": "PODXL2", brain,  "genomic_dna_change": "chr3:g.127660846C>G", brain,
brain,          "symbol": "CENPT", brain,  "genomic_dna_change": "chr16:g.67830523C>T", brain,
brain,          "symbol": "NFRKB", brain,  "genomic_dna_change": "chr11:g.129864693T>A", brain,
brain,          "symbol": "CCDC92", brain,  "genomic_dna_change": "chr12:g.123937732C>T", brain,
brain,          "symbol": "ZNF850", brain,  "genomic_dna_change": "chr19:g.36762398A>T", brain,
brain,          "symbol": "PGM1", brain,  "genomic_dna_change": "chr1:g.63638752A>T", brain,
brain,          "symbol": "FAM135A", brain,  "genomic_dna_change": "chr6:g.70525682T>A", brain,
brain,          "symbol": "TAF1L", brain,  "genomic_dna_change": "chr9:g.32631823G>A", brain,
brain,          "symbol": "CREB5", brain,  "genomic_dna_change": "chr7:g.28724243A>C", brain,
brain,          "symbol": "OR52N5", brain,  "genomic_dna_change": "chr11:g.5778337C>T", brain,
brain,          "symbol": "QSER1", brain,  "genomic_dna_change": "chr11:g.32958017A>C", brain,
brain,          "symbol": "NPAS2", brain,  "genomic_dna_change": "chr2:g.100949401C>G", brain,
brain,          "symbol": "MYO1E", brain,  "genomic_dna_change": "chr15:g.59173763A>T", brain,
brain,          "symbol": "CLSPN", brain,  "genomic_dna_change": "chr1:g.35746932C>A", brain,
brain,          "symbol": "FLG", brain,  "genomic_dna_change": "chr1:g.152311036C>T", brain,
brain,          "symbol": "FEZ1", brain,  "genomic_dna_change": "chr11:g.125489441A>T", brain,
brain,          "symbol": "NOTCH2", brain,  "genomic_dna_change": "chr1:g.119919573G>C", brain,
brain,          "symbol": "SLC6A12", brain,  "genomic_dna_change": "chr12:g.192534A>T", brain,
brain,          "symbol": "SCRN3", brain,  "genomic_dna_change": "chr2:g.174404126C>A", brain,
brain,          "symbol": "NEDD4", brain,  "genomic_dna_change": "chr15:g.55915877G>C", brain,
brain,          "symbol": "C9orf64", brain,  "genomic_dna_change": "chr9:g.83944936C>G", brain,
brain,          "symbol": "TULP4", brain,  "genomic_dna_change": "chr6:g.158452192C>G", brain,
brain,          "symbol": "CCND1", brain,  "genomic_dna_change": "chr11:g.69648038A>T", brain,
brain,          "symbol": "HCN3", brain,  "genomic_dna_change": "chr1:g.155282651C>T", brain,
brain,          "symbol": "MED1", brain,  "genomic_dna_change": "chr17:g.39408975C>T", brain,
brain,          "symbol": "GRB2", brain,  "genomic_dna_change": "chr17:g.75320238G>T", brain,
brain,          "symbol": "CPSF3", brain,  "genomic_dna_change": "chr2:g.9440500G>T", brain,
brain,          "symbol": "C16orf45", brain,  "genomic_dna_change": "chr16:g.15515368T>C", brain,
brain,          "symbol": "NAV1", brain,  "genomic_dna_change": "chr1:g.201782368T>C", brain,
brain,          "symbol": "XYLT1", brain,  "genomic_dna_change": "chr16:g.17117690A>T", brain,
brain,          "symbol": "ATP6V0A1", brain,  "genomic_dna_change": "chr17:g.42500903T>G", brain,
brain,          "symbol": "SP100", brain,  "genomic_dna_change": "chr2:g.230515296C>A", brain,
brain,          "symbol": "DNAH3", brain,  "genomic_dna_change": "chr16:g.20963710C>A", brain,
brain,          "symbol": "PDE1A", brain,  "genomic_dna_change": "chr2:g.182230025A>C", brain,
brain,          "symbol": "GRM3", brain,  "genomic_dna_change": "chr7:g.86839114T>A", brain,
brain,          "symbol": "NEK6", brain,  "genomic_dna_change": "chr9:g.124350880A>T", brain,
brain,          "symbol": "CIT", brain,  "genomic_dna_change": "chr12:g.119761038T>A", brain,
brain,          "symbol": "MYBBP1A", brain,  "genomic_dna_change": "chr17:g.4550124T>A", brain,
brain,          "symbol": "ADAT1", brain,  "genomic_dna_change": "chr16:g.75617190T>G", brain,
brain,          "symbol": "CSMD2", brain,  "genomic_dna_change": "chr1:g.33709097C>G", brain,
brain,          "symbol": "DRP2", brain,  "genomic_dna_change": "chrX:g.101254516G>A", brain,
brain,          "symbol": "ITGA9", brain,  "genomic_dna_change": "chr3:g.37508609T>A", brain,
brain,          "symbol": "GLYATL2", brain,  "genomic_dna_change": "chr11:g.58834802G>T", brain,
brain,          "symbol": "KLC1", brain,  "genomic_dna_change": "chr14:g.103657738A>T", brain,
brain,          "symbol": "IL2RB", brain,  "genomic_dna_change": "chr22:g.37128281G>A", brain,
brain,          "symbol": "COL17A1", brain,  "genomic_dna_change": "chr10:g.104064495T>A", brain,
brain,          "symbol": "SLC46A2", brain,  "genomic_dna_change": "chr9:g.112886508C>T", brain,
brain,          "symbol": "LMAN1", brain,  "genomic_dna_change": "chr18:g.59359101G>C", brain,
brain,          "symbol": "APOA4", brain,  "genomic_dna_change": "chr11:g.116820951G>T", brain,
brain,          "symbol": "SBF2", brain,  "genomic_dna_change": "chr11:g.9856565G>A", brain,
brain,          "symbol": "PARVB", brain,  "genomic_dna_change": "chr22:g.44100122A>T", brain,
brain,          "symbol": "DOCK2", brain,  "genomic_dna_change": "chr5:g.169718735G>T", brain,
brain,          "symbol": "RASGEF1A", brain,  "genomic_dna_change": "chr10:g.43198153C>G", brain,
brain,          "symbol": "FAM135A", brain,  "genomic_dna_change": "chr6:g.70524043G>T", brain,
brain,          "symbol": "CHI3L1", brain,  "genomic_dna_change": "chr1:g.203185260T>C", brain,
brain,          "symbol": "GRIA4", brain,  "genomic_dna_change": "chr11:g.105753126G>C", brain,
brain,          "symbol": "FRMPD4", brain,  "genomic_dna_change": "chrX:g.12718441G>A", brain,
brain,          "symbol": "PJA1", brain,  "genomic_dna_change": "chrX:g.69161553T>A", brain,
brain,          "symbol": "SH3BP4", brain,  "genomic_dna_change": "chr2:g.235043125T>G", brain,
brain,          "symbol": "KREMEN1", brain,  "genomic_dna_change": "chr22:g.29142060A>C", brain,
brain,          "symbol": "TOPORS", brain,  "genomic_dna_change": "chr9:g.32543580C>G", brain,
brain,          "symbol": "TEX15", brain,  "genomic_dna_change": "chr8:g.30843896T>A", brain,
brain,          "symbol": "KIAA2018", brain,  "genomic_dna_change": "chr3:g.113658449A>G", brain,
brain,          "symbol": "FBXW11", brain,  "genomic_dna_change": "chr5:g.171876498T>A", brain,
brain,          "symbol": "CTPS1", brain,  "genomic_dna_change": "chr1:g.40984942delTG", brain,
brain,          "symbol": "MRGPRX4", brain,  "genomic_dna_change": "chr11:g.18174120G>A", brain,
brain,          "symbol": "MEPCE", brain,  "genomic_dna_change": "chr7:g.100430617T>C", brain,
brain,          "symbol": "KANSL2", brain,  "genomic_dna_change": "chr12:g.48654453A>T", brain,
brain,          "symbol": "CEP164", brain,  "genomic_dna_change": "chr11:g.117371234G>T", brain,
brain,          "symbol": "SPIN3", brain,  "genomic_dna_change": "chrX:g.56994333G>A", brain,
brain,          "symbol": "CCDC92", brain,  "genomic_dna_change": "chr12:g.123937733T>C", brain,
brain,          "symbol": "CCNB3", brain,  "genomic_dna_change": "chrX:g.50309597G>A", brain,
brain,          "symbol": "PLEKHB2", brain,  "genomic_dna_change": "chr2:g.131146851delT", brain,
brain,          "symbol": "TEX19", brain,  "genomic_dna_change": "chr17:g.82362477G>A", brain,
brain,          "symbol": "SPAG8", brain,  "genomic_dna_change": "chr9:g.35810080delA", brain,
brain,          "symbol": "TP53BP1", brain,  "genomic_dna_change": "chr15:g.43480913G>T", brain,
brain,          "symbol": "WFDC12", brain,  "genomic_dna_change": "chr20:g.45123936G>C", brain,
brain,          "symbol": "ZNF107", brain,  "genomic_dna_change": "chr7:g.64666229G>T", brain,
brain,          "symbol": "FLG", brain,  "genomic_dna_change": "chr1:g.152310126C>A", brain,
brain,          "symbol": "TRMT44", brain,  "genomic_dna_change": "chr4:g.8465494A>C", brain,
brain,          "symbol": "SEPT2", brain,  "genomic_dna_change": "chr2:g.241342994T>A", brain,
brain,          "symbol": "DEK", brain,  "genomic_dna_change": "chr6:g.18225674G>C", brain,
brain,          "symbol": "AQP4", brain,  "genomic_dna_change": "chr18:g.26862527G>T", brain,
brain,          "symbol": "PDCL", brain,  "genomic_dna_change": "chr9:g.122826714C>T", brain,
brain,          "symbol": "WDR36", brain,  "genomic_dna_change": "chr5:g.111110839C>T", brain,
brain,          "symbol": "HDC", brain,  "genomic_dna_change": "chr15:g.50242307G>A", brain,
brain,          "symbol": "CTXN3", brain,  "genomic_dna_change": "chr5:g.127657807C>T", brain,
brain,          "symbol": "OTOF", brain,  "genomic_dna_change": "chr2:g.26466826G>A", brain,
brain,          "symbol": "PTCD2", brain,  "genomic_dna_change": "chr5:g.72358346_72358347insG", brain,
brain,          "symbol": "BTN2A1", brain,  "genomic_dna_change": "chr6:g.26465246G>A", brain,
brain,          "symbol": "ATP8A1", brain,  "genomic_dna_change": "chr4:g.42485593T>C", brain,
brain,          "symbol": "OXA1L", brain,  "genomic_dna_change": "chr14:g.22771125_22771126insAG", brain,
brain,          "symbol": "DNAH2", brain,  "genomic_dna_change": "chr17:g.7767912C>G", brain,
brain,          "symbol": "FPR3", brain,  "genomic_dna_change": "chr19:g.51824171G>A", brain,
brain,          "symbol": "ABL2", brain,  "genomic_dna_change": "chr1:g.179108030G>C", brain,
brain,          "symbol": "SLPI", brain,  "genomic_dna_change": "chr20:g.45252325G>A", brain,
brain,          "symbol": "CELSR1", brain,  "genomic_dna_change": "chr22:g.46399734C>A", brain,
brain,          "symbol": "SLC4A5", brain,  "genomic_dna_change": "chr2:g.74232527delG", brain,
brain,          "symbol": "LRRTM3", brain,  "genomic_dna_change": "chr10:g.66928103C>A", brain,
brain,          "symbol": "SLC30A2", brain,  "genomic_dna_change": "chr1:g.26045054G>T", brain,
brain,          "symbol": "FAT2", brain,  "genomic_dna_change": "chr5:g.151546007G>A", brain,
brain,          "symbol": "GPNMB", brain,  "genomic_dna_change": "chr7:g.23274106A>C", brain,
brain,          "symbol": "LCE1E", brain,  "genomic_dna_change": "chr1:g.152787393A>C", brain,
brain,          "symbol": "TTC13", brain,  "genomic_dna_change": "chr1:g.230920591delA", brain,
brain,          "symbol": "DNAH9", brain,  "genomic_dna_change": "chr17:g.11880185T>A", brain,
brain,          "symbol": "WDFY3", brain,  "genomic_dna_change": "chr4:g.84782983G>C", brain,
brain,          "symbol": "UNC5CL", brain,  "genomic_dna_change": "chr6:g.41032954C>G", brain,
brain,          "symbol": "KLHL5", brain,  "genomic_dna_change": "chr4:g.39115258_39115259insG", brain,
brain,          "symbol": "RAPGEF4", brain,  "genomic_dna_change": "chr2:g.173026624A>C", brain,
brain,          "symbol": "SETX", brain,  "genomic_dna_change": "chr9:g.132326565T>C", brain,
brain,          "symbol": "PNOC", brain,  "genomic_dna_change": "chr8:g.28329156C>A", brain,
brain,          "symbol": "DHX34", brain,  "genomic_dna_change": "chr19:g.47353724T>C", brain,
brain,          "symbol": "GATA3", brain,  "genomic_dna_change": "chr10:g.8058810C>A", brain,
brain,          "symbol": "DLG3", brain,  "genomic_dna_change": "chrX:g.70450724T>G", brain,
brain,          "symbol": "NCOA7", brain,  "genomic_dna_change": "chr6:g.125874897C>G", brain,
brain,          "symbol": "GABRA6", brain,  "genomic_dna_change": "chr5:g.161689849T>A", brain,
brain,          "symbol": "SUPT6H", brain,  "genomic_dna_change": "chr17:g.28693834A>C", brain,
brain,          "symbol": "ADAMTS12", brain,  "genomic_dna_change": "chr5:g.33637587A>G", brain,
brain,          "symbol": "ACKR3", brain,  "genomic_dna_change": "chr2:g.236580994C>A", brain,
brain,          "symbol": "CH17-140K24.8", brain,  "genomic_dna_change": "chr5:g.141241338T>C", brain,
brain,          "symbol": "AFTPH", brain,  "genomic_dna_change": "chr2:g.64567594C>A", brain,
brain,          "symbol": "CCDC93", brain,  "genomic_dna_change": "chr2:g.118008587C>G", brain,
brain,          "symbol": "PABPC1P2", brain,  "genomic_dna_change": "chr2:g.146588348G>A", brain,
brain,          "symbol": "STEAP3", brain,  "genomic_dna_change": "chr2:g.119248055G>A", brain,
brain,          "symbol": "EXTL3", brain,  "genomic_dna_change": "chr8:g.28716657G>C", brain,
brain,          "symbol": "ZCCHC6", brain,  "genomic_dna_change": "chr9:g.86353112G>A", brain,
brain,          "symbol": "TNC", brain,  "genomic_dna_change": "chr9:g.115036144C>A", brain,
brain,          "symbol": "CDS2", brain,  "genomic_dna_change": "chr20:g.5186923A>C", brain,
brain,          "symbol": "NXPE3", brain,  "genomic_dna_change": "chr3:g.101816908A>T", brain,
brain,          "symbol": "WDR66", brain,  "genomic_dna_change": "chr12:g.121968111T>C", brain,
brain,          "symbol": "SIRPB1", brain,  "genomic_dna_change": "chr20:g.1578535T>G", brain,
brain,          "symbol": "YWHAZ", brain,  "genomic_dna_change": "chr8:g.100920576G>T", brain,
brain,          "symbol": "RAB29", brain,  "genomic_dna_change": "chr1:g.205770426A>G", brain,
brain,          "symbol": "CCNE1", brain,  "genomic_dna_change": "chr19:g.29822298C>T", brain,
brain,          "symbol": "SMARCAL1", brain,  "genomic_dna_change": "chr2:g.216450892T>G", brain,
brain,          "symbol": "KCNA4", brain,  "genomic_dna_change": "chr11:g.30012030T>A", brain,
brain,          "symbol": "DYNC1H1", brain,  "genomic_dna_change": "chr14:g.101985844A>G", brain,
brain,          "symbol": "HSD17B4", brain,  "genomic_dna_change": "chr5:g.119509160G>T", brain,
brain,          "symbol": "NFASC", brain,  "genomic_dna_change": "chr1:g.204968971delT", brain,
brain,          "symbol": "TNN", brain,  "genomic_dna_change": "chr1:g.175123518C>T", brain,
brain,          "symbol": "C3orf18", brain,  "genomic_dna_change": "chr3:g.50561730C>G", brain,
brain,          "symbol": "LARP6", brain,  "genomic_dna_change": "chr15:g.70833035G>A", brain,
brain,          "symbol": "KIAA2018", brain,  "genomic_dna_change": "chr3:g.113655591T>G", brain,
brain,          "symbol": "POGZ", brain,  "genomic_dna_change": "chr1:g.151405727A>C", brain,
brain,          "symbol": "TRPM6", brain,  "genomic_dna_change": "chr9:g.74762158T>C", brain,
brain,          "symbol": "PSMD10", brain,  "genomic_dna_change": "chrX:g.108087630T>A", brain,
brain,          "symbol": "NLRP12", brain,  "genomic_dna_change": "chr19:g.53810049G>A", brain,
brain,          "symbol": "EIF2AK4", brain,  "genomic_dna_change": "chr15:g.39992152A>C", brain,
brain,          "symbol": "PAF1", brain,  "genomic_dna_change": "chr19:g.39386208G>T", brain,
brain,          "symbol": "R3HCC1L", brain,  "genomic_dna_change": "chr10:g.98209644T>A", brain,
brain,          "symbol": "KDM3A", brain,  "genomic_dna_change": "chr2:g.86456552G>A", brain,
brain,          "symbol": "SULT1B1", brain,  "genomic_dna_change": "chr4:g.69727025C>T", brain,
brain,          "symbol": "ELAC1", brain,  "genomic_dna_change": "chr18:g.50986962_50986963insA", brain,
brain,          "symbol": "GBX2", brain,  "genomic_dna_change": "chr2:g.236166090C>A", brain,
brain,          "symbol": "ZNF605", brain,  "genomic_dna_change": "chr12:g.132926523delCCA", brain,
brain,          "symbol": "GPLD1", brain,  "genomic_dna_change": "chr6:g.24475195T>A", brain,
brain,          "symbol": "AHCTF1", brain,  "genomic_dna_change": "chr1:g.246916302C>A", brain,
brain,          "symbol": "SIGLEC8", brain,  "genomic_dna_change": "chr19:g.51457962T>C", brain,
brain,          "symbol": "ABCA12", brain,  "genomic_dna_change": "chr2:g.214948682C>G", brain,
brain,          "symbol": "NME5", brain,  "genomic_dna_change": "chr5:g.138129276T>G", brain,
brain,          "symbol": "OR10R2", brain,  "genomic_dna_change": "chr1:g.158479920T>G", brain,
brain,          "symbol": "SH3TC2", brain,  "genomic_dna_change": "chr5:g.149041539T>G", brain,
brain,          "symbol": "HVCN1", brain,  "genomic_dna_change": "chr12:g.110651439A>T", brain,
brain,          "symbol": "CIAO1", brain,  "genomic_dna_change": "chr2:g.96267849T>C", brain,
brain,          "symbol": "CHIC2", brain,  "genomic_dna_change": "chr4:g.54013860C>T", brain,
brain,          "symbol": "OR4E2", brain,  "genomic_dna_change": "chr14:g.21665769A>G", brain,
brain,          "symbol": "DCAF11", brain,  "genomic_dna_change": "chr14:g.24118431T>C", brain,
brain,          "symbol": "ATG16L1", brain,  "genomic_dna_change": "chr2:g.233288778T>A", brain,
brain,          "symbol": "NLN", brain,  "genomic_dna_change": "chr5:g.65788170T>C", brain,
brain,          "symbol": "CPA3", brain,  "genomic_dna_change": "chr3:g.148869037T>G", brain,
brain,          "symbol": "PFKFB2", brain,  "genomic_dna_change": "chr1:g.207072336C>T", brain,
brain,          "symbol": "KLK10", brain,  "genomic_dna_change": "chr19:g.51014879C>T", brain,
brain,          "symbol": "ANO3", brain,  "genomic_dna_change": "chr11:g.26643283A>C", brain,
brain,          "symbol": "SAA3P", brain,  "genomic_dna_change": "chr11:g.18112607A>C", brain,
brain,          "symbol": "ZMYND8", brain,  "genomic_dna_change": "chr20:g.47291829G>T", brain,
brain,          "symbol": "PTPRG", brain,  "genomic_dna_change": "chr3:g.62273790C>G", brain,
brain,          "symbol": "CTCF", brain,  "genomic_dna_change": "chr16:g.67626624T>A", brain,
brain,          "symbol": "IL20RA", brain,  "genomic_dna_change": "chr6:g.137002161C>A", brain,
brain,          "symbol": "ERBB2IP", brain,  "genomic_dna_change": "chr5:g.66076374G>C", brain,
brain,          "symbol": "C1orf100", brain,  "genomic_dna_change": "chr1:g.244389068A>C", brain,
brain,          "symbol": "MAP4K3", brain,  "genomic_dna_change": "chr2:g.39265217A>G", brain,
brain,          "symbol": "TANC1", brain,  "genomic_dna_change": "chr2:g.159230346A>C", brain,
brain,          "symbol": "MSH6", brain,  "genomic_dna_change": "chr2:g.47799764delT", brain,
brain,          "symbol": "PLEKHH2", brain,  "genomic_dna_change": "chr2:g.43700334G>A", brain,
brain,          "symbol": "CARD11", brain,  "genomic_dna_change": "chr7:g.2919553A>T", brain,
brain,          "symbol": "NPNT", brain,  "genomic_dna_change": "chr4:g.105940125T>A", brain,
brain,          "symbol": "GLI3", brain,  "genomic_dna_change": "chr7:g.41978633C>T", brain,
brain,          "symbol": "DNAJB8", brain,  "genomic_dna_change": "chr3:g.128463195C>T", brain,
brain,          "symbol": "KCNIP1", brain,  "genomic_dna_change": "chr5:g.170721894G>A", brain,
brain,          "symbol": "SDE2", brain,  "genomic_dna_change": "chr1:g.225987973T>A", brain,
brain,          "symbol": "INTS4", brain,  "genomic_dna_change": "chr11:g.77878840C>A", brain,
brain,          "symbol": "PTPN22", brain,  "genomic_dna_change": "chr1:g.113834392C>G", brain,
brain,          "symbol": "C17orf47", brain,  "genomic_dna_change": "chr17:g.58543899T>C", brain,
brain,          "symbol": "CTD-3099C6.11", brain,  "genomic_dna_change": "chr19:g.52597098T>G", brain,
brain,          "symbol": "AKAP9", brain,  "genomic_dna_change": "chr7:g.92052740A>T", brain,
brain,          "symbol": "MYH11", brain,  "genomic_dna_change": "chr16:g.15717282G>T", brain,
brain,          "symbol": "MAGEA10", brain,  "genomic_dna_change": "chrX:g.152135033G>A", brain,
brain,          "symbol": "OR2V2", brain,  "genomic_dna_change": "chr5:g.181155295T>G", brain,
brain,          "symbol": "ICA1", brain,  "genomic_dna_change": "chr7:g.8114027A>T", brain,
brain,          "symbol": "RAD1", brain,  "genomic_dna_change": "chr5:g.34914707A>T", brain,
brain,          "symbol": "ADGRF1", brain,  "genomic_dna_change": "chr6:g.47009375A>C", brain,
brain,          "symbol": "BRDT", brain,  "genomic_dna_change": "chr1:g.91979570A>C", brain,
brain,          "symbol": "PARD3B", brain,  "genomic_dna_change": "chr2:g.205615741G>C", brain,
brain,          "symbol": "EPDR1", brain,  "genomic_dna_change": "chr7:g.37948864T>A", brain,
brain,          "symbol": "PLK2", brain,  "genomic_dna_change": "chr5:g.58455621C>A", brain,
brain,          "symbol": "ACTC1", brain,  "genomic_dna_change": "chr15:g.34791116T>A", brain,
brain,          "symbol": "KRT6C", brain,  "genomic_dna_change": "chr12:g.52470621G>C", brain,
brain,          "symbol": "IFNA14", brain,  "genomic_dna_change": "chr9:g.21239643G>T", brain,
brain,          "symbol": "PRPSAP2", brain,  "genomic_dna_change": "chr17:g.18911206A>C", brain,
brain,          "symbol": "RIC3", brain,  "genomic_dna_change": "chr11:g.8110793A>C", brain,
brain,          "symbol": "CHI3L1", brain,  "genomic_dna_change": "chr1:g.203185259A>G", brain,
brain,          "symbol": "FBXL14", brain,  "genomic_dna_change": "chr12:g.1566752C>A", brain,
brain,          "symbol": "RNF113A", brain,  "genomic_dna_change": "chrX:g.119870999_119871000insC", brain,
brain,          "symbol": "COG2", brain,  "genomic_dna_change": "chr1:g.230688455T>A", brain,
brain,          "symbol": "PCDHAC1", brain,  "genomic_dna_change": "chr5:g.140929440delCC", brain,
brain,          "symbol": "GPRASP2", brain,  "genomic_dna_change": "chrX:g.102717054A>C", brain,
brain,          "symbol": "MICALCL", brain,  "genomic_dna_change": "chr11:g.12319714T>A", brain,
brain,          "symbol": "GOLGA6D", brain,  "genomic_dna_change": "chr15:g.75294414C>T", brain,
brain,          "symbol": "C2orf44", brain,  "genomic_dna_change": "chr2:g.24038176G>T", brain,
brain,          "symbol": "PGS1", brain,  "genomic_dna_change": "chr17:g.78403849T>C", brain,
brain,          "symbol": "TLR7", brain,  "genomic_dna_change": "chrX:g.12885805C>A", brain,
brain,          "symbol": "ABCC4", brain,  "genomic_dna_change": "chr13:g.95043772T>C", brain,
brain,          "symbol": "SEL1L", brain,  "genomic_dna_change": "chr14:g.81499643_81499644insT", brain,
brain,          "symbol": "AZIN2", brain,  "genomic_dna_change": "chr1:g.33083851G>A", brain,
brain,          "symbol": "CPA2", brain,  "genomic_dna_change": "chr7:g.130289615A>C", brain,
brain,          "symbol": "GABRB2", brain,  "genomic_dna_change": "chr5:g.161294016T>A", brain,
brain,          "symbol": "CCDC36", brain,  "genomic_dna_change": "chr3:g.49257066T>C", brain,
brain,          "symbol": "TAS1R1", brain,  "genomic_dna_change": "chr1:g.6579472G>C", brain,
brain,          "symbol": "HMOX2", brain,  "genomic_dna_change": "chr16:g.4508030A>T", brain,
brain,          "symbol": "KRT39", brain,  "genomic_dna_change": "chr17:g.40962252A>G", brain,
brain,          "symbol": "CALD1", brain,  "genomic_dna_change": "chr7:g.134965387G>T", brain,
brain,          "symbol": "TRPC4", brain,  "genomic_dna_change": "chr13:g.37636962A>C", brain,
brain,          "symbol": "LARP1B", brain,  "genomic_dna_change": "chr4:g.128091390G>T", brain,
brain,          "symbol": "ATP6V0A2", brain,  "genomic_dna_change": "chr12:g.123748693G>C", brain,
brain,          "symbol": "DMXL1", brain,  "genomic_dna_change": "chr5:g.119170387T>G", brain,
brain,          "symbol": "COPS3", brain,  "genomic_dna_change": "chr17:g.17270964_17270965insT", brain,
brain,          "symbol": "JARID2", brain,  "genomic_dna_change": "chr6:g.15504516T>C", brain,
brain,          "symbol": "DCP1B", brain,  "genomic_dna_change": "chr12:g.1953042T>A", brain,
brain,          "symbol": "SIRPB1", brain,  "genomic_dna_change": "chr20:g.1578534G>T", brain,
brain,          "symbol": "PLK2", brain,  "genomic_dna_change": "chr5:g.58457308T>A", brain,
brain,          "symbol": "ZNF471", brain,  "genomic_dna_change": "chr19:g.56525335G>C", brain,
brain,          "symbol": "CEP192", brain,  "genomic_dna_change": "chr18:g.13052931G>C", brain,
brain,          "symbol": "BCL7A", brain,  "genomic_dna_change": "chr12:g.122059218T>G", brain,
brain,          "symbol": "QRICH2", brain,  "genomic_dna_change": "chr17:g.76292617C>A", brain,
brain,          "symbol": "IKBIP", brain,  "genomic_dna_change": "chr12:g.98626224A>G", brain,
brain,          "symbol": "RNF24", brain,  "genomic_dna_change": "chr20:g.3964001G>T", brain,
brain,          "symbol": "SLC22A1", brain,  "genomic_dna_change": "chr6:g.160136586T>G", brain,
brain,          "symbol": "DKC1", brain,  "genomic_dna_change": "chrX:g.154776272A>G", brain,
brain,          "symbol": "USP13", brain,  "genomic_dna_change": "chr3:g.179740339G>A", brain,
brain,          "symbol": "MCAM", brain,  "genomic_dna_change": "chr11:g.119312569C>T", brain,
brain,          "symbol": "DECR1", brain,  "genomic_dna_change": "chr8:g.90044877G>T", brain,
brain,          "symbol": "EFCAB6", brain,  "genomic_dna_change": "chr22:g.43626529C>G", brain,
brain,          "symbol": "TEP1", brain,  "genomic_dna_change": "chr14:g.20368373A>T", brain,
brain,          "symbol": "ESPL1", brain,  "genomic_dna_change": "chr12:g.53270688T>G", brain,
brain,          "symbol": "F5", brain,  "genomic_dna_change": "chr1:g.169541792G>T", brain,
brain,          "symbol": "BTN2A1", brain,  "genomic_dna_change": "chr6:g.26465249G>A", brain,
brain,          "symbol": "SSX2IP", brain,  "genomic_dna_change": "chr1:g.84662219_84662220insA", brain,
brain,          "symbol": "CD9", brain,  "genomic_dna_change": "chr12:g.6200489T>G", brain,
brain,          "symbol": "RTTN", brain,  "genomic_dna_change": "chr18:g.70073912T>A", brain,
brain,          "symbol": "NOL11", brain,  "genomic_dna_change": "chr17:g.67743513A>G", brain,
brain,          "symbol": "SAMM50", brain,  "genomic_dna_change": "chr22:g.43989247C>G", brain,
brain,          "symbol": "THAP7-AS1", brain,  "genomic_dna_change": "chr22:g.21009167G>C", brain,
brain,          "symbol": "BFAR", brain,  "genomic_dna_change": "chr16:g.14649829G>T", brain,
brain,          "symbol": "CHD4", brain,  "genomic_dna_change": "chr12:g.6597969G>T", brain,
brain,          "symbol": "HOXA2", brain,  "genomic_dna_change": "chr7:g.27102496T>G", brain,
brain,          "symbol": "ASCC2", brain,  "genomic_dna_change": "chr22:g.29792449T>A", brain,
brain,          "symbol": "ADGRG3", brain,  "genomic_dna_change": "chr16:g.57685832C>A", brain,
brain,          "symbol": "ABCC12", brain,  "genomic_dna_change": "chr16:g.48096783G>A", brain,
brain,          "symbol": "RPL39P34", brain,  "genomic_dna_change": "chr19:g.52564211A>C", brain,
brain,          "symbol": "TMTC2", brain,  "genomic_dna_change": "chr12:g.82986002C>T", brain,
brain,          "symbol": "PROSER1", brain,  "genomic_dna_change": "chr13:g.39023082G>C", brain,
brain,          "symbol": "RAB34", brain,  "genomic_dna_change": "chr17:g.28716017A>C", brain,
brain,          "symbol": "ITK", brain,  "genomic_dna_change": "chr5:g.157244321T>A", brain,
brain,          "symbol": "FLG2", brain,  "genomic_dna_change": "chr1:g.152351678_152351679insCT", brain,
brain,          "symbol": "FLOT1", brain,  "genomic_dna_change": "chr6:g.30730114T>G", brain,
brain,          "symbol": "DUSP5", brain,  "genomic_dna_change": "chr10:g.110507040T>A", brain,
brain,          "symbol": "MB21D2", brain,  "genomic_dna_change": "chr3:g.192798378G>C", brain,
brain,          "symbol": "SDPR", brain,  "genomic_dna_change": "chr2:g.191846749G>T", brain,
brain,          "symbol": "GPLD1", brain,  "genomic_dna_change": "chr6:g.24475194G>C", brain,
brain,          "symbol": "PLEKHG3", brain,  "genomic_dna_change": "chr14:g.64731111G>A", brain,
brain,          "symbol": "TCOF1", brain,  "genomic_dna_change": "chr5:g.150376275G>T", brain,
brain,          "symbol": "UPK1B", brain,  "genomic_dna_change": "chr3:g.119187776G>A", brain,
brain,          "symbol": "GTDC1", brain,  "genomic_dna_change": "chr2:g.144007384G>C", brain,
brain,          "symbol": "ITGB5", brain,  "genomic_dna_change": "chr3:g.124773843G>T", brain,
brain,          "symbol": "STAB2", brain,  "genomic_dna_change": "chr12:g.103759133A>T", brain,
brain,          "symbol": "MYO1A", brain,  "genomic_dna_change": "chr12:g.57046625C>A", brain,
brain,          "symbol": "ZNF577", brain,  "genomic_dna_change": "chr19:g.51873480T>A", brain,
brain,          "symbol": "TANK", brain,  "genomic_dna_change": "chr2:g.161204854T>A", brain,
brain,          "symbol": "ZKSCAN1", brain,  "genomic_dna_change": "chr7:g.100033526A>T", brain,
brain,          "symbol": "PDZD2", brain,  "genomic_dna_change": "chr5:g.32074266T>A", brain,
brain,          "symbol": "ADAMTS16", brain,  "genomic_dna_change": "chr5:g.5239858G>A", brain,
brain,          "symbol": "GAPDHS", brain,  "genomic_dna_change": "chr19:g.35545033G>A", brain,
brain,          "symbol": "FAM65C", brain,  "genomic_dna_change": "chr20:g.50604748A>C", brain,
brain,          "symbol": "TECTA", brain,  "genomic_dna_change": "chr11:g.121105901C>T", brain,
brain,          "symbol": "TCF20", brain,  "genomic_dna_change": "chr22:g.42209710A>C", brain,
brain,          "symbol": "RNF123", brain,  "genomic_dna_change": "chr3:g.49712668A>C", brain,
brain,          "symbol": "MYC", brain,  "genomic_dna_change": "chr8:g.127740535G>C", brain,
brain,          "symbol": "SLX4", brain,  "genomic_dna_change": "chr16:g.3583375G>T", brain,
brain,          "symbol": "TBL1Y", brain,  "genomic_dna_change": "chrY:g.7063945G>T", brain,
brain,          "symbol": "KANK2", brain,  "genomic_dna_change": "chr19:g.11170150A>C", brain,
brain,          "symbol": "ZNF107", brain,  "genomic_dna_change": "chr7:g.64706389G>A", brain,
brain,          "symbol": "PBLD", brain,  "genomic_dna_change": "chr10:g.68288537A>G", brain,
brain,          "symbol": "CPEB4", brain,  "genomic_dna_change": "chr5:g.173889690G>A", brain,
brain,          "symbol": "PSTPIP2", brain,  "genomic_dna_change": "chr18:g.46011248delTGT", brain,
brain,          "symbol": "RTP2", brain,  "genomic_dna_change": "chr3:g.187702090G>A", brain,
brain,          "symbol": "FRMPD4", brain,  "genomic_dna_change": "chrX:g.12716321A>T", brain,
brain,          "symbol": "SNX1", brain,  "genomic_dna_change": "chr15:g.64136352A>C", brain,
brain,          "symbol": "THBS3", brain,  "genomic_dna_change": "chr1:g.155200931T>A", brain,
brain,          "symbol": "ATG7", brain,  "genomic_dna_change": "chr3:g.11298699G>A", brain,
brain,          "symbol": "ARHGAP21", brain,  "genomic_dna_change": "chr10:g.24607530C>T", brain,
brain,          "symbol": "SETD2", brain,  "genomic_dna_change": "chr3:g.47056922G>A", brain,
brain,          "symbol": "SLC39A12", brain,  "genomic_dna_change": "chr10:g.17953199T>G", brain,
brain,          "symbol": "MYLK", brain,  "genomic_dna_change": "chr3:g.123657260C>A", brain,
brain,          "symbol": "ANK2", brain,  "genomic_dna_change": "chr4:g.113358511C>G", brain,
brain,          "symbol": "EMC1", brain,  "genomic_dna_change": "chr1:g.19227356T>A", brain,
brain,          "symbol": "FAT2", brain,  "genomic_dna_change": "chr5:g.151546001G>A", brain,
brain,          "symbol": "ZBTB1", brain,  "genomic_dna_change": "chr14:g.64522934C>T", brain,
brain,          "symbol": "GCSAM", brain,  "genomic_dna_change": "chr3:g.112123680T>G", brain,
brain,          "symbol": "ZNF468", brain,  "genomic_dna_change": "chr19:g.52839786A>G", brain,
brain,          "symbol": "TEX15", brain,  "genomic_dna_change": "chr8:g.30833273C>T", brain,
brain,          "symbol": "MCM3", brain,  "genomic_dna_change": "chr6:g.52267941T>A", brain,
brain,          "symbol": "TM7SF3", brain,  "genomic_dna_change": "chr12:g.26980624G>C", brain,
brain,          "symbol": "COG7", brain,  "genomic_dna_change": "chr16:g.23413451A>G", brain,
brain,          "symbol": "NPAT", brain,  "genomic_dna_change": "chr11:g.108172798delG", brain,
brain,          "symbol": "CDH26", brain,  "genomic_dna_change": "chr20:g.60002824G>C", brain,
brain,          "symbol": "EFEMP1", brain,  "genomic_dna_change": "chr2:g.55867074T>C", brain,
brain,          "symbol": "HCAR3", brain,  "genomic_dna_change": "chr12:g.122716316T>C", brain,
brain,          "symbol": "RASSF5", brain,  "genomic_dna_change": "chr1:g.206586900A>C", brain,
brain,          "symbol": "FLG2", brain,  "genomic_dna_change": "chr1:g.152353900C>T", brain,
brain,          "symbol": "CSTF1", brain,  "genomic_dna_change": "chr20:g.56403507C>T", brain,
brain,          "symbol": "CUX1", brain,  "genomic_dna_change": "chr7:g.102197226G>T", brain,
brain,          "symbol": "FTH1", brain,  "genomic_dna_change": "chr11:g.61965497C>T", brain,
brain,          "symbol": "GPR158", brain,  "genomic_dna_change": "chr10:g.25596730C>G", brain,
brain,          "symbol": "BLOC1S5-TXNDC5", brain,  "genomic_dna_change": "chr6:g.7986808C>A", brain,
brain,          "symbol": "ZNF609", brain,  "genomic_dna_change": "chr15:g.64680282T>A", brain,
brain,          "symbol": "LPL", brain,  "genomic_dna_change": "chr8:g.19955882C>A", brain,
brain,          "symbol": "HHIPL1", brain,  "genomic_dna_change": "chr14:g.99652504A>G", brain,
brain,          "symbol": "FEZ1", brain,  "genomic_dna_change": "chr11:g.125455885G>T", brain,
brain,          "symbol": "USP29", brain,  "genomic_dna_change": "chr19:g.57131080A>T", brain,
brain,          "symbol": "TP53TG5", brain,  "genomic_dna_change": "chr20:g.45377263C>T", brain,
brain,          "symbol": "ZFP69", brain,  "genomic_dna_change": "chr1:g.40489617C>T", brain,
brain,          "symbol": "NCOA4", brain,  "genomic_dna_change": "chr10:g.46009506G>A", brain,
brain,          "symbol": "CMTR2", brain,  "genomic_dna_change": "chr16:g.71285163G>T", brain,
brain,          "symbol": "CORO1C", brain,  "genomic_dna_change": "chr12:g.108647440G>T", brain,
brain,          "symbol": "C21orf62", brain,  "genomic_dna_change": "chr21:g.32794130G>C", brain,
brain,          "symbol": "SSX5", brain,  "genomic_dna_change": "chrX:g.48186733C>T", brain,
brain,          "symbol": "BMP2K", brain,  "genomic_dna_change": "chr4:g.78859592C>T", brain,
brain,          "symbol": "ACSBG2", brain,  "genomic_dna_change": "chr19:g.6141562A>C", brain,
brain,          "symbol": "HCN3", brain,  "genomic_dna_change": "chr1:g.155282433C>T", brain,
brain,          "symbol": "PASD1", brain,  "genomic_dna_change": "chrX:g.151664218T>A", brain,
brain,          "symbol": "PDE4DIP", brain,  "genomic_dna_change": "chr1:g.149018556T>A", brain,
brain,          "symbol": "HECW1", brain,  "genomic_dna_change": "chr7:g.43312056C>G", brain,
brain,          "symbol": "IL12RB2", brain,  "genomic_dna_change": "chr1:g.67396083delG", brain,
brain,          "symbol": "CYP27C1", brain,  "genomic_dna_change": "chr2:g.127203432C>G", brain,
brain,          "symbol": "CA9", brain,  "genomic_dna_change": "chr9:g.35674205T>A", brain,
brain,          "symbol": "NDUFB10", brain,  "genomic_dna_change": "chr16:g.1961223C>A", brain,
brain,          "symbol": "ACBD3", brain,  "genomic_dna_change": "chr1:g.226146758A>C", brain,
brain,          "symbol": "FAP", brain,  "genomic_dna_change": "chr2:g.162173168G>T", brain,
brain,          "symbol": "CARD6", brain,  "genomic_dna_change": "chr5:g.40843268delT", brain,
brain,          "symbol": "ALDH1B1", brain,  "genomic_dna_change": "chr9:g.38397262T>C", brain,
brain,          "symbol": "PLXNA1", brain,  "genomic_dna_change": "chr3:g.126989189C>T", brain,
brain,          "symbol": "VAC14", brain,  "genomic_dna_change": "chr16:g.70698648G>T", brain,
brain,          "symbol": "MAPKAPK2", brain,  "genomic_dna_change": "chr1:g.206728774C>A", brain,
brain,          "symbol": "CCDC170", brain,  "genomic_dna_change": "chr6:g.151573279G>A", brain,
brain,          "symbol": "UBN1", brain,  "genomic_dna_change": "chr16:g.4860890G>A", brain,
brain,          "symbol": "FBN3", brain,  "genomic_dna_change": "chr19:g.8094488T>G", brain,
brain,          "symbol": "ELOVL7", brain,  "genomic_dna_change": "chr5:g.60772088T>A", brain,
brain,          "symbol": "ADRBK2", brain,  "genomic_dna_change": "chr22:g.25721328T>A", brain,
brain,          "symbol": "GLYAT", brain,  "genomic_dna_change": "chr11:g.58709867G>C", brain,
brain,          "symbol": "ANK3", brain,  "genomic_dna_change": "chr10:g.60059790A>C", brain,
brain,          "symbol": "NTAN1", brain,  "genomic_dna_change": "chr16:g.15038180G>T", brain,
brain,          "symbol": "FLG2", brain,  "genomic_dna_change": "chr1:g.152351688T>G", brain,
brain,          "symbol": "WIPI1", brain,  "genomic_dna_change": "chr17:g.68427157delT", brain,
brain,          "symbol": "POPDC3", brain,  "genomic_dna_change": "chr6:g.105158547G>A", brain,
brain,          "symbol": "ZNF77", brain,  "genomic_dna_change": "chr19:g.2934192C>T", brain,
brain,          "symbol": "MESDC2", brain,  "genomic_dna_change": "chr15:g.80982077T>A", brain,
brain,          "symbol": "DHX29", brain,  "genomic_dna_change": "chr5:g.55283358G>C", brain,
brain,          "symbol": "FAM118B", brain,  "genomic_dna_change": "chr11:g.126256810_126256811insC", brain,
brain,          "symbol": "FAM129B", brain,  "genomic_dna_change": "chr9:g.127507174T>A", brain,
brain,          "symbol": "ZBTB39", brain,  "genomic_dna_change": "chr12:g.57003601C>G", brain,
brain,          "symbol": "PTPRC", brain,  "genomic_dna_change": "chr1:g.198734196G>A", brain,
brain,          "symbol": "HIST1H2BD", brain,  "genomic_dna_change": "chr6:g.26158225T>C", brain,
brain,          "symbol": "MS4A6A", brain,  "genomic_dna_change": "chr11:g.60172151T>A", brain,
brain,          "symbol": "LCP1", brain,  "genomic_dna_change": "chr13:g.46158892T>G", brain,
brain,          "symbol": "CCL4L1", brain,  "genomic_dna_change": "chr17:g.36211108T>G", brain,
brain,          "symbol": "KPNB1", brain,  "genomic_dna_change": "chr17:g.47677034T>C", brain,
brain,          "symbol": "RNF19A", brain,  "genomic_dna_change": "chr8:g.100287753T>G", brain,
brain,          "symbol": "ZNF844", brain,  "genomic_dna_change": "chr19:g.12076964A>G", brain,
brain,          "symbol": "FBXO7", brain,  "genomic_dna_change": "chr22:g.32498290T>C", brain,
brain,          "symbol": "ZNF439", brain,  "genomic_dna_change": "chr19:g.11867817T>G", brain,
brain,          "symbol": "TOX2", brain,  "genomic_dna_change": "chr20:g.44066731A>C", brain,
brain,          "symbol": "HMGB2", brain,  "genomic_dna_change": "chr4:g.173332744A>C", brain,
brain,          "symbol": "RP11-85G18.6", brain,  "genomic_dna_change": "chr10:g.27246734C>G", brain,
brain,          "symbol": "KLHL13", brain,  "genomic_dna_change": "chrX:g.117899344T>G", brain,
brain,          "symbol": "PGLYRP4", brain,  "genomic_dna_change": "chr1:g.153330865T>A", brain,
brain,          "symbol": "LRRK1", brain,  "genomic_dna_change": "chr15:g.101055171C>G", brain,
brain,          "symbol": "TRRAP", brain,  "genomic_dna_change": "chr7:g.98976943T>C", brain,
brain,          "symbol": "SART1", brain,  "genomic_dna_change": "chr11:g.65977838A>G", brain,
brain,          "symbol": "TTC17", brain,  "genomic_dna_change": "chr11:g.43450039T>G", brain,
brain,          "symbol": "NOA1", brain,  "genomic_dna_change": "chr4:g.56973908T>A", brain,
brain,          "symbol": "BRD2", brain,  "genomic_dna_change": "chr6:g.32977504G>A", brain,
brain,          "symbol": "KLHDC10", brain,  "genomic_dna_change": "chr7:g.130124456G>T", brain,
brain,          "symbol": "ZDHHC14", brain,  "genomic_dna_change": "chr6:g.157645753G>T", brain,
brain,          "symbol": "XPO6", brain,  "genomic_dna_change": "chr16:g.28177276A>T", brain,
brain,          "symbol": "ZAR1", brain,  "genomic_dna_change": "chr4:g.48494385C>A", brain,
brain,          "symbol": "PKD1L1", brain,  "genomic_dna_change": "chr7:g.47837077G>T", brain,
brain,          "symbol": "DUOX2", brain,  "genomic_dna_change": "chr15:g.45097277C>A", brain,
brain,          "symbol": "IRF1", brain,  "genomic_dna_change": "chr5:g.132486604A>C", brain,
brain,          "symbol": "PROKR1", brain,  "genomic_dna_change": "chr2:g.68645900G>T", brain,
brain,          "symbol": "TGM4", brain,  "genomic_dna_change": "chr3:g.44907016C>A", brain,
brain,          "symbol": "POP5", brain,  "genomic_dna_change": "chr12:g.120579780_120579781insG", brain,
brain,          "symbol": "OSBPL6", brain,  "genomic_dna_change": "chr2:g.178332989C>A", brain,
brain,          "symbol": "RLIM", brain,  "genomic_dna_change": "chrX:g.74592695C>G", brain,
brain,          "symbol": "OR1N1", brain,  "genomic_dna_change": "chr9:g.122526579delA", brain,
brain,          "symbol": "NPR2", brain,  "genomic_dna_change": "chr9:g.35792872C>G", brain,
brain,          "symbol": "SLC4A4", brain,  "genomic_dna_change": "chr4:g.71397628T>A", brain,
brain,          "symbol": "CENPF", brain,  "genomic_dna_change": "chr1:g.214642411G>C", brain,
brain,          "symbol": "BPI", brain,  "genomic_dna_change": "chr20:g.38324000T>G", brain,
brain,          "symbol": "ABCC2", brain,  "genomic_dna_change": "chr10:g.99832066C>A", brain,
brain,          "symbol": "PCDHB1", brain,  "genomic_dna_change": "chr5:g.141051440C>A", brain,
brain,          "symbol": "N4BP2", brain,  "genomic_dna_change": "chr4:g.40122030G>C", brain,
brain,          "symbol": "SLC30A3", brain,  "genomic_dna_change": "chr2:g.27256399T>A", brain,
brain,          "symbol": "XKR4", brain,  "genomic_dna_change": "chr8:g.55524206G>T", brain,
brain,          "symbol": "PMP22", brain,  "genomic_dna_change": "chr17:g.15230929C>A", brain,
brain,          "symbol": "C3orf62", brain,  "genomic_dna_change": "chr3:g.49276523T>C", brain,
brain,          "symbol": "EIF4A1", brain,  "genomic_dna_change": "chr17:g.7578036G>A", brain,
brain,          "symbol": "GPATCH2L", brain,  "genomic_dna_change": "chr14:g.76171843G>C", brain,
brain,          "symbol": "CFAP58", brain,  "genomic_dna_change": "chr10:g.104365904G>A", brain,
brain,          "symbol": "PRKG2", brain,  "genomic_dna_change": "chr4:g.81153652T>G", brain,
brain,          "symbol": "TRAPPC12", brain,  "genomic_dna_change": "chr2:g.3465597G>A", brain,
brain,          "symbol": "GIMAP4", brain,  "genomic_dna_change": "chr7:g.150572590G>A", brain,
brain,          "symbol": "S100Z", brain,  "genomic_dna_change": "chr5:g.76875468C>G", brain,
brain,          "symbol": "ASB8", brain,  "genomic_dna_change": "chr12:g.48149923G>A", brain,
brain,          "symbol": "IGSF10", brain,  "genomic_dna_change": "chr3:g.151447487G>C", brain,
brain,          "symbol": "MAN2B1", brain,  "genomic_dna_change": "chr19:g.12665365G>C", brain,
brain,          "symbol": "ATG2A", brain,  "genomic_dna_change": "chr11:g.64900538T>G", brain,
brain,          "symbol": "NUCB2", brain,  "genomic_dna_change": "chr11:g.17295420A>C", brain,
brain,          "symbol": "LIMD1", brain,  "genomic_dna_change": "chr3:g.45676934G>C", brain,
brain,          "symbol": "OR4E2", brain,  "genomic_dna_change": "chr14:g.21665770G>A", brain,
brain,          "symbol": "CAND1", brain,  "genomic_dna_change": "chr12:g.67292684G>C", brain,
brain,          "symbol": "CEACAM5", brain,  "genomic_dna_change": "chr19:g.41720110T>C", brain,
brain,          "symbol": "PPRC1", brain,  "genomic_dna_change": "chr10:g.102149945T>G", brain,
brain,          "symbol": "C10orf12", brain,  "genomic_dna_change": "chr10:g.96981566_96981567insA", brain,
brain,          "symbol": "CYP1A2", brain,  "genomic_dna_change": "chr15:g.74749933G>T", brain,
brain,          "symbol": "ALPK2", brain,  "genomic_dna_change": "chr18:g.58536792T>A", brain,
brain,          "symbol": "CDC42BPB", brain,  "genomic_dna_change": "chr14:g.102980983A>T", brain,
brain,          "symbol": "KIR2DL4", brain,  "genomic_dna_change": "chr19:g.54803628C>T", brain,
brain,          "symbol": "USP48", brain,  "genomic_dna_change": "chr1:g.21687149T>G", brain,
brain,          "symbol": "CD14", brain,  "genomic_dna_change": "chr5:g.140632132C>T", brain,
brain,          "symbol": "GRIN3A", brain,  "genomic_dna_change": "chr9:g.101613376C>A", brain,
brain,          "symbol": "ZBTB38", brain,  "genomic_dna_change": "chr3:g.141444657A>G", brain,
brain,          "symbol": "CEP192", brain,  "genomic_dna_change": "chr18:g.13100380delG", brain,
brain,          "symbol": "ITIH2", brain,  "genomic_dna_change": "chr10:g.7731827T>G", brain,
brain,          "symbol": "DENND4C", brain,  "genomic_dna_change": "chr9:g.19346115A>T", brain,
brain,          "symbol": "DHODH", brain,  "genomic_dna_change": "chr16:g.72017039T>A", brain,
brain,          "symbol": "ZNF441", brain,  "genomic_dna_change": "chr19:g.11781345_11781346insCT", brain,
brain,          "symbol": "CCNT1", brain,  "genomic_dna_change": "chr12:g.48693755G>A", brain,
brain,          "symbol": "RUFY1", brain,  "genomic_dna_change": "chr5:g.179567487G>C", brain,
brain,          "symbol": "VPS13D", brain,  "genomic_dna_change": "chr1:g.12343041T>C", brain,
brain,          "symbol": "FOXN1", brain,  "genomic_dna_change": "chr17:g.28530750A>C", brain,
brain,          "symbol": "COL4A2", brain,  "genomic_dna_change": "chr13:g.110469255G>T", brain,
brain,          "symbol": "FLNB", brain,  "genomic_dna_change": "chr3:g.58097883G>T", brain,
brain,          "symbol": "CDK13", brain,  "genomic_dna_change": "chr7:g.39987762G>T", brain,
brain,          "symbol": "FLG", brain,  "genomic_dna_change": "chr1:g.152309957A>G", brain,
brain,          "symbol": "HSPB2", brain,  "genomic_dna_change": "chr11:g.111913593T>A", brain,
brain,          "symbol": "TDRD6", brain,  "genomic_dna_change": "chr6:g.46691845T>G", brain,
brain,          "symbol": "DDX56", brain,  "genomic_dna_change": "chr7:g.44569843G>A", brain,
brain,          "symbol": "USP34", brain,  "genomic_dna_change": "chr2:g.61339608T>G", brain,
brain,          "symbol": "LRTOMT", brain,  "genomic_dna_change": "chr11:g.72110051C>A", brain,
brain,          "symbol": "HSPA12A", brain,  "genomic_dna_change": "chr10:g.116679672T>G", brain,
brain,          "symbol": "RAD1", brain,  "genomic_dna_change": "chr5:g.34911718G>A", brain,
brain,          "symbol": "SLTM", brain,  "genomic_dna_change": "chr15:g.58913619T>A", brain,
brain,          "symbol": "PCDHB13", brain,  "genomic_dna_change": "chr5:g.141216447C>T", brain,
brain,          "symbol": "TMEM67", brain,  "genomic_dna_change": "chr8:g.93795903A>T", brain,
brain,          "symbol": "TRIM22", brain,  "genomic_dna_change": "chr11:g.5709195A>T", brain,
brain,          "symbol": "ERCC3", brain,  "genomic_dna_change": "chr2:g.127280629T>A", brain,
brain,          "symbol": "SLC1A3", brain,  "genomic_dna_change": "chr5:g.36679815G>T", brain,
brain,          "symbol": "VCAM1", brain,  "genomic_dna_change": "chr1:g.100729364A>T", brain,
brain,          "symbol": "LARP1", brain,  "genomic_dna_change": "chr5:g.154792781G>T", brain,
brain,          "symbol": "MGAT5B", brain,  "genomic_dna_change": "chr17:g.76940503_76940504insA", brain,
brain,          "symbol": "CLASRP", brain,  "genomic_dna_change": "chr19:g.45056507A>G", brain,
brain,          "symbol": "NLGN4Y", brain,  "genomic_dna_change": "chrY:g.14829742A>G", brain,
brain,          "symbol": "HSD3B2", brain,  "genomic_dna_change": "chr1:g.119419428C>T", brain,
brain,          "symbol": "C17orf53", brain,  "genomic_dna_change": "chr17:g.44148639A>T", brain,
brain,          "symbol": "ERRFI1", brain,  "genomic_dna_change": "chr1:g.8013689C>A", brain,
brain,          "symbol": "EIF2B4", brain,  "genomic_dna_change": "chr2:g.27368548A>G", brain,
brain,          "symbol": "KBTBD4", brain,  "genomic_dna_change": "chr11:g.47572981G>C", brain,
brain,          "symbol": "OR2B6", brain,  "genomic_dna_change": "chr6:g.27957632A>T", brain,
brain,          "symbol": "ABCC9", brain,  "genomic_dna_change": "chr12:g.21908123T>C", brain,
brain,          "symbol": "ADAR", brain,  "genomic_dna_change": "chr1:g.154601824T>A", brain,
brain,          "symbol": "C2orf44", brain,  "genomic_dna_change": "chr2:g.24038650G>T", brain,
brain,          "symbol": "ROS1", brain,  "genomic_dna_change": "chr6:g.117389576G>T", brain,
brain,          "symbol": "ABCA8", brain,  "genomic_dna_change": "chr17:g.68929152C>T", brain,
brain,          "symbol": "FASLG", brain,  "genomic_dna_change": "chr1:g.172665697A>G", brain,
brain,          "symbol": "GUCY1A2", brain,  "genomic_dna_change": "chr11:g.106939964A>G", brain,
brain,          "symbol": "CEACAM1", brain,  "genomic_dna_change": "chr19:g.42522126A>T", brain,
brain,          "symbol": "GART", brain,  "genomic_dna_change": "chr21:g.33517031T>C", brain,
brain,          "symbol": "CCAR1", brain,  "genomic_dna_change": "chr10:g.68742398G>C", brain,
brain,          "symbol": "S1PR5", brain,  "genomic_dna_change": "chr19:g.10514894C>A", brain,
brain,          "symbol": "HBS1L", brain,  "genomic_dna_change": "chr6:g.135002739C>T", brain,
brain,          "symbol": "IPO7", brain,  "genomic_dna_change": "chr11:g.9408534A>C", brain,
brain,          "symbol": "ROS1", brain,  "genomic_dna_change": "chr6:g.117379087G>T", brain,
brain,          "symbol": "ZNF333", brain,  "genomic_dna_change": "chr19:g.14719169C>A", brain,
brain,          "symbol": "KIF1B", brain,  "genomic_dna_change": "chr1:g.10278091C>T", brain,
brain,          "symbol": "MICALCL", brain,  "genomic_dna_change": "chr11:g.12293696G>C", brain,
brain,          "symbol": "DNALI1", brain,  "genomic_dna_change": "chr1:g.37561643G>C", brain,
brain,          "symbol": "MGAT5", brain,  "genomic_dna_change": "chr2:g.134254505C>A", brain,
brain,          "symbol": "SLC25A51", brain,  "genomic_dna_change": "chr9:g.37888130C>A", brain,
brain,          "symbol": "SDK1", brain,  "genomic_dna_change": "chr7:g.4012169T>G", brain,
brain,          "symbol": "ZP2", brain,  "genomic_dna_change": "chr16:g.21205570C>T", brain,
brain,          "symbol": "ADGRG2", brain,  "genomic_dna_change": "chrX:g.18990833A>T", brain,
brain,          "symbol": "SDHB", brain,  "genomic_dna_change": "chr1:g.17018942T>G", brain,
brain,          "symbol": "NUP210L", brain,  "genomic_dna_change": "chr1:g.154152745G>T", brain,
brain,          "symbol": "MYH15", brain,  "genomic_dna_change": "chr3:g.108381443A>G", brain,
brain,          "symbol": "RP11-156P1.3", brain,  "genomic_dna_change": "chr17:g.47049881G>T", brain,
brain,          "symbol": "MVK", brain,  "genomic_dna_change": "chr12:g.109579914delTTA", brain,
brain,          "symbol": "DST", brain,  "genomic_dna_change": "chr6:g.56618547C>T", brain,
brain,          "symbol": "SCN2A", brain,  "genomic_dna_change": "chr2:g.165313977A>T", brain,
brain,          "symbol": "SNTB1", brain,  "genomic_dna_change": "chr8:g.120575178C>T", brain,
brain,          "symbol": "KBTBD4", brain,  "genomic_dna_change": "chr11:g.47573168G>T", brain,
brain,          "symbol": "DHX38", brain,  "genomic_dna_change": "chr16:g.72097770_72097771insC", brain,
brain,          "symbol": "RBP4", brain,  "genomic_dna_change": "chr10:g.93600758G>C", brain,
brain,          "symbol": "SCN1A", brain,  "genomic_dna_change": "chr2:g.166041420G>A", brain,
brain,          "symbol": "FMO1", brain,  "genomic_dna_change": "chr1:g.171282225G>C", brain,
brain,          "symbol": "RGAG1", brain,  "genomic_dna_change": "chrX:g.110455407A>C", brain,
brain,          "symbol": "NUPL2", brain,  "genomic_dna_change": "chr7:g.23200615C>A", brain,
brain,          "symbol": "GFPT1", brain,  "genomic_dna_change": "chr2:g.69348297C>T", brain,
brain,          "symbol": "CNR2", brain,  "genomic_dna_change": "chr1:g.23875073A>G", brain,
brain,          "symbol": "ARL11", brain,  "genomic_dna_change": "chr13:g.49630639_49630640insG", brain,
brain,          "symbol": "ALDH1L1", brain,  "genomic_dna_change": "chr3:g.126110102T>C", brain,
brain,          "symbol": "ZNF101", brain,  "genomic_dna_change": "chr19:g.19679297A>T", brain,
brain,          "symbol": "COX5A", brain,  "genomic_dna_change": "chr15:g.74923651T>A", brain,
brain,          "symbol": "SHISA2", brain,  "genomic_dna_change": "chr13:g.26046602_26046603insA", brain,
brain,          "symbol": "ZNF75A", brain,  "genomic_dna_change": "chr16:g.3311851C>T", brain,
brain,          "symbol": "TTC13", brain,  "genomic_dna_change": "chr1:g.230916196T>A", brain,
brain,          "symbol": "CASQ1", brain,  "genomic_dna_change": "chr1:g.160190802G>A", brain,
brain,          "symbol": "SRCAP", brain,  "genomic_dna_change": "chr16:g.30733376T>G", brain,
brain,          "symbol": "AR", brain,  "genomic_dna_change": "chrX:g.67723862_67723863insT", brain,
brain,          "symbol": "POLR2A", brain,  "genomic_dna_change": "chr17:g.7503218T>G", brain,
brain,          "symbol": "IRF1", brain,  "genomic_dna_change": "chr5:g.132486801C>G", brain,
brain,          "symbol": "ACOX3", brain,  "genomic_dna_change": "chr4:g.8415856C>T", brain,
brain,          "symbol": "SLC37A1", brain,  "genomic_dna_change": "chr21:g.42543538C>A", brain,
brain,          "symbol": "ZNF844", brain,  "genomic_dna_change": "chr19:g.12076969delAG", brain,
brain,          "symbol": "AHCTF1", brain,  "genomic_dna_change": "chr1:g.246889994G>A", brain,
brain,          "symbol": "FANCD2", brain,  "genomic_dna_change": "chr3:g.10043493A>T", brain,
brain,          "symbol": "KRTAP10-10", brain,  "genomic_dna_change": "chr21:g.44637893C>A", brain,
brain,          "symbol": "ZNF620", brain,  "genomic_dna_change": "chr3:g.40516149A>C", brain,
brain,          "symbol": "ASXL1", brain,  "genomic_dna_change": "chr20:g.32436331G>A", brain,
brain,          "symbol": "SRD5A3", brain,  "genomic_dna_change": "chr4:g.55364121C>A", brain,
brain,          "symbol": "CCDC42", brain,  "genomic_dna_change": "chr17:g.8730115A>T", brain,
brain,          "symbol": "ACAD10", brain,  "genomic_dna_change": "chr12:g.111744759A>C", brain,
brain,          "symbol": "PSD4", brain,  "genomic_dna_change": "chr2:g.113186039A>G", brain,
brain,          "symbol": "ENPP6", brain,  "genomic_dna_change": "chr4:g.184217606A>T", brain,
brain,          "symbol": "EMC9", brain,  "genomic_dna_change": "chr14:g.24139112A>C", brain,
brain,          "symbol": "USP32", brain,  "genomic_dna_change": "chr17:g.60185461A>G", brain,
brain,          "symbol": "NF1", brain,  "genomic_dna_change": "chr17:g.31338140G>A", brain,
brain,          "symbol": "EDC4", brain,  "genomic_dna_change": "chr16:g.67875822G>C", brain,
brain,          "symbol": "ATP6V0E1", brain,  "genomic_dna_change": "chr5:g.173020879G>T", brain,
brain,          "symbol": "MAD2L1", brain,  "genomic_dna_change": "chr4:g.120065766G>A", brain,
brain,          "symbol": "KLHL38", brain,  "genomic_dna_change": "chr8:g.123645906C>T", brain,
brain,          "symbol": "PIP5K1A", brain,  "genomic_dna_change": "chr1:g.151227318A>G", brain,
brain,          "symbol": "KRTAP10-8", brain,  "genomic_dna_change": "chr21:g.44612283_44612284insC", brain,
brain,          "symbol": "ACIN1", brain,  "genomic_dna_change": "chr14:g.23078861A>C", brain,
brain,          "symbol": "ZNF566", brain,  "genomic_dna_change": "chr19:g.36449675C>A", brain,
brain,          "symbol": "TRIM2", brain,  "genomic_dna_change": "chr4:g.153308513C>T", brain,
brain,          "symbol": "HYDIN", brain,  "genomic_dna_change": "chr16:g.70807582A>G", brain,
brain,          "symbol": "ZBTB39", brain,  "genomic_dna_change": "chr12:g.57003686G>C", brain,
brain,          "symbol": "KIAA1211L", brain,  "genomic_dna_change": "chr2:g.98832425A>T", brain,
brain,          "symbol": "ARHGEF25", brain,  "genomic_dna_change": "chr12:g.57614278G>C", brain,
brain,          "symbol": "PTPN5", brain,  "genomic_dna_change": "chr11:g.18737890G>C", brain,
brain,          "symbol": "TCEAL6", brain,  "genomic_dna_change": "chrX:g.102141241C>G", brain,
brain,          "symbol": "TES", brain,  "genomic_dna_change": "chr7:g.116249232T>C", brain,
brain,          "symbol": "MS4A8", brain,  "genomic_dna_change": "chr11:g.60703447G>C", brain,
brain,          "symbol": "MYPN", brain,  "genomic_dna_change": "chr10:g.68206902C>T", brain,
brain,          "symbol": "ARRDC3", brain,  "genomic_dna_change": "chr5:g.91382883G>A", brain,
brain,          "symbol": "APC", brain,  "genomic_dna_change": "chr5:g.112840936A>C", brain,
brain,          "symbol": "SLC12A4", brain,  "genomic_dna_change": "chr16:g.67952258C>A", brain,
brain,          "symbol": "ANKRD17", brain,  "genomic_dna_change": "chr4:g.73091679T>A", brain,
brain,          "symbol": "DNAH3", brain,  "genomic_dna_change": "chr16:g.20936833C>A", brain,
brain,          "symbol": "GTF2H4", brain,  "genomic_dna_change": "chr6:g.30910934A>T", brain,
brain,          "symbol": "ALDH7A1", brain,  "genomic_dna_change": "chr5:g.126577183delC", brain,
brain,          "symbol": "GNPDA1", brain,  "genomic_dna_change": "chr5:g.142005073G>A", brain,
brain,          "symbol": "TLCD1", brain,  "genomic_dna_change": "chr17:g.28724662C>G", brain,
brain,          "symbol": "COL6A3", brain,  "genomic_dna_change": "chr2:g.237325573C>T", brain,
brain,          "symbol": "TMEM219", brain,  "genomic_dna_change": "chr16:g.29963461T>A", brain,
brain,          "symbol": "ELAC1", brain,  "genomic_dna_change": "chr18:g.50986960T>A", brain,
brain,          "symbol": "ZSCAN29", brain,  "genomic_dna_change": "chr15:g.43369924A>C", brain,
brain,          "symbol": "YBX2", brain,  "genomic_dna_change": "chr17:g.7289644A>C", brain,
brain,          "symbol": "PLCE1", brain,  "genomic_dna_change": "chr10:g.94293629A>G", brain,
brain,          "symbol": "ADGRE1", brain,  "genomic_dna_change": "chr19:g.6926509G>C", brain,
brain,          "symbol": "HFM1", brain,  "genomic_dna_change": "chr1:g.91315825_91315826insT", brain,
brain,          "symbol": "KRT76", brain,  "genomic_dna_change": "chr12:g.52777305G>A", brain,
brain,          "symbol": "FLG2", brain,  "genomic_dna_change": "chr1:g.152353075T>A", brain,
brain,          "symbol": "KLHL10", brain,  "genomic_dna_change": "chr17:g.41841788G>A", brain,
brain,          "symbol": "DRD2", brain,  "genomic_dna_change": "chr11:g.113424449G>A", brain,
brain,          "symbol": "FBXO34", brain,  "genomic_dna_change": "chr14:g.55351114T>G", brain,
brain,          "symbol": "LGR5", brain,  "genomic_dna_change": "chr12:g.71584578T>G", brain,
brain,          "symbol": "PDE4C", brain,  "genomic_dna_change": "chr19:g.18218228T>C", brain,
brain,          "symbol": "DNAH2", brain,  "genomic_dna_change": "chr17:g.7737168G>C", brain,
brain,          "symbol": "ENC1", brain,  "genomic_dna_change": "chr5:g.74635780delCTG", brain,
brain,          "symbol": "OS9", brain,  "genomic_dna_change": "chr12:g.57694835A>T", brain,
brain,          "symbol": "SMURF2", brain,  "genomic_dna_change": "chr17:g.64598398T>A", brain,
brain,          "symbol": "TM9SF2", brain,  "genomic_dna_change": "chr13:g.99529480A>T", brain,
brain,          "symbol": "STX6", brain,  "genomic_dna_change": "chr1:g.180976576C>G", brain,
brain,          "symbol": "HNRNPA3P1", brain,  "genomic_dna_change": "chr10:g.43790070T>G", brain,
brain,          "symbol": "BMP1", brain,  "genomic_dna_change": "chr8:g.22211797G>T", brain,
brain,          "symbol": "SPTBN2", brain,  "genomic_dna_change": "chr11:g.66688793T>A", brain,
brain,          "symbol": "SEMA6C", brain,  "genomic_dna_change": "chr1:g.151134869A>G", brain,
brain,          "symbol": "PRICKLE1", brain,  "genomic_dna_change": "chr12:g.42468699T>G", brain,
brain,          "symbol": "BNIP3L", brain,  "genomic_dna_change": "chr8:g.26380551T>C", brain,
brain,          "symbol": "TMEM42", brain,  "genomic_dna_change": "chr3:g.44864212T>A", brain,
brain,          "symbol": "EEF2K", brain,  "genomic_dna_change": "chr16:g.22258542C>T", brain,
brain,          "symbol": "NOTCH2", brain,  "genomic_dna_change": "chr1:g.119949074delA", brain,
brain,          "symbol": "ZNF414", brain,  "genomic_dna_change": "chr19:g.8512413C>A", brain,
brain,          "symbol": "SLC30A2", brain,  "genomic_dna_change": "chr1:g.26045097C>A", brain,
brain,          "symbol": "FAM3B", brain,  "genomic_dna_change": "chr21:g.41347029G>A", brain,
brain,          "symbol": "IFNGR1", brain,  "genomic_dna_change": "chr6:g.137198316G>A", brain,
brain,          "symbol": "KCNN3", brain,  "genomic_dna_change": "chr1:g.154772245G>T", brain,
brain,          "symbol": "LRP1", brain,  "genomic_dna_change": "chr12:g.57176005G>C", brain,
brain,          "symbol": "HPS5", brain,  "genomic_dna_change": "chr11:g.18295088G>T", brain,
brain,          "symbol": "CACNG7", brain,  "genomic_dna_change": "chr19:g.53941554A>C", brain,
brain,          "symbol": "TMF1", brain,  "genomic_dna_change": "chr3:g.69033572C>A", brain,
brain,          "symbol": "KCNA3", brain,  "genomic_dna_change": "chr1:g.110673578A>T", brain,
brain,          "symbol": "SLC4A4", brain,  "genomic_dna_change": "chr4:g.71357135C>A", brain,
brain,          "symbol": "HEATR6", brain,  "genomic_dna_change": "chr17:g.60043550T>A", brain,
brain,          "symbol": "MOSPD2", brain,  "genomic_dna_change": "chrX:g.14892806C>G", brain,
brain,          "symbol": "ZNF70", brain,  "genomic_dna_change": "chr22:g.23744702T>A", brain,
brain,          "symbol": "SGK3", brain,  "genomic_dna_change": "chr8:g.66798544T>A", brain,
brain,          "symbol": "ZNF662", brain,  "genomic_dna_change": "chr3:g.42914701C>T", brain,
brain,          "symbol": "RPS6KA4", brain,  "genomic_dna_change": "chr11:g.64368184T>A", brain,
brain,          "symbol": "TTC8", brain,  "genomic_dna_change": "chr14:g.88833710G>A", brain,
brain,          "symbol": "ATP1B4", brain,  "genomic_dna_change": "chrX:g.120375483C>A", brain,
brain,          "symbol": "CCDC51", brain,  "genomic_dna_change": "chr3:g.48432568C>A", brain,
brain,          "symbol": "HIST1H4L", brain,  "genomic_dna_change": "chr6:g.27873462_27873463insG", brain,
brain,          "symbol": "ZDHHC18", brain,  "genomic_dna_change": "chr1:g.26832505T>A", brain,
brain,          "symbol": "ASPHD2", brain,  "genomic_dna_change": "chr22:g.26434233C>T", brain,
brain,          "symbol": "NOMO1", brain,  "genomic_dna_change": "chr16:g.14880136C>G", brain,
brain,          "symbol": "ADAM20", brain,  "genomic_dna_change": "chr14:g.70523440T>C", brain,
brain,          "symbol": "MOV10L1", brain,  "genomic_dna_change": "chr22:g.50144172C>T", brain,
brain,          "symbol": "MRPS18C", brain,  "genomic_dna_change": "chr4:g.83456952G>T", brain,
brain,          "symbol": "HEATR3", brain,  "genomic_dna_change": "chr16:g.50102385A>T", brain,
brain,          "symbol": "PSG5", brain,  "genomic_dna_change": "chr19:g.43176058T>A", brain,
brain,          "symbol": "ARFGEF2", brain,  "genomic_dna_change": "chr20:g.48963830G>T", brain,
brain,          "symbol": "PARP4", brain,  "genomic_dna_change": "chr13:g.24435134G>T", brain,
brain,          "symbol": "GLTSCR1L", brain,  "genomic_dna_change": "chr6:g.42828609T>A", brain,
brain,          "symbol": "ZSCAN5A", brain,  "genomic_dna_change": "chr19:g.56221490C>A", brain,
brain,          "symbol": "DNPEP", brain,  "genomic_dna_change": "chr2:g.219382002G>A", brain,
brain,          "symbol": "CEP164", brain,  "genomic_dna_change": "chr11:g.117361935A>T", brain,
brain,          "symbol": "FICD", brain,  "genomic_dna_change": "chr12:g.108519077G>C", brain,
brain,          "symbol": "BPI", brain,  "genomic_dna_change": "chr20:g.38324824C>G", brain,
brain,          "symbol": "MAGEA10", brain,  "genomic_dna_change": "chrX:g.152134745T>A", brain,
brain,          "symbol": "PDGFRA", brain,  "genomic_dna_change": "chr4:g.54267456_54267457insGG", brain,
brain,          "symbol": "IGSF1", brain,  "genomic_dna_change": "chrX:g.131285789T>G", brain,
brain,          "symbol": "DDX55", brain,  "genomic_dna_change": "chr12:g.123615236G>T", brain,
brain,          "symbol": "FBXW8", brain,  "genomic_dna_change": "chr12:g.117010362A>C", brain,
brain,          "symbol": "SYNE2", brain,  "genomic_dna_change": "chr14:g.64081462A>C", brain,
brain,          "symbol": "FCGBP", brain,  "genomic_dna_change": "chr19:g.39875750T>A", brain,
brain,          "symbol": "RNF31", brain,  "genomic_dna_change": "chr14:g.24148674G>C", brain,
brain,          "symbol": "HFE2", brain,  "genomic_dna_change": "chr1:g.146018162G>C", brain,
brain,          "symbol": "GABRA6", brain,  "genomic_dna_change": "chr5:g.161689852delC", brain,
brain,          "symbol": "GTDC1", brain,  "genomic_dna_change": "chr2:g.144007382G>C", brain,
brain,          "symbol": "VCP", brain,  "genomic_dna_change": "chr9:g.35065380T>C", brain,
brain,          "symbol": "GCK", brain,  "genomic_dna_change": "chr7:g.44151061G>C", brain,
brain,          "symbol": "IVNS1ABP", brain,  "genomic_dna_change": "chr1:g.185301231T>G", brain,
brain,          "symbol": "ZNF281", brain,  "genomic_dna_change": "chr1:g.200406985T>A", brain,
brain,          "symbol": "C20orf85", brain,  "genomic_dna_change": "chr20:g.58160812G>A", brain,
brain,          "symbol": "ZC3H7A", brain,  "genomic_dna_change": "chr16:g.11751381T>G", brain,
brain,          "symbol": "SSX3", brain,  "genomic_dna_change": "chrX:g.48346875T>C", brain,
brain,          "symbol": "PDZD2", brain,  "genomic_dna_change": "chr5:g.32097289A>T", brain,
brain,          "symbol": "DNAJB8", brain,  "genomic_dna_change": "chr3:g.128463194C>T", brain,
brain,          "symbol": "DUS2", brain,  "genomic_dna_change": "chr16:g.68078887G>T", brain,
brain,          "symbol": "OR13H1", brain,  "genomic_dna_change": "chrX:g.131544423C>A", brain,
brain,          "symbol": "MS4A8", brain,  "genomic_dna_change": "chr11:g.60708852G>A", brain,
brain,          "symbol": "EYS", brain,  "genomic_dna_change": "chr6:g.65302717T>G", brain,
brain,          "symbol": "ATP9A", brain,  "genomic_dna_change": "chr20:g.51729979C>A", brain,
brain,          "symbol": "SVIL", brain,  "genomic_dna_change": "chr10:g.29522553G>T", brain,
brain,          "symbol": "CD34", brain,  "genomic_dna_change": "chr1:g.207888065G>A", brain,
brain,          "symbol": "CPXM1", brain,  "genomic_dna_change": "chr20:g.2795680_2795681insA", brain,
brain,          "symbol": "PSG9", brain,  "genomic_dna_change": "chr19:g.43269524C>T", brain,
brain,          "symbol": "ST6GALNAC1", brain,  "genomic_dna_change": "chr17:g.76625872G>A", brain,
brain,          "symbol": "STYXL1", brain,  "genomic_dna_change": "chr7:g.75996486G>A", brain,
brain,          "symbol": "BCHE", brain,  "genomic_dna_change": "chr3:g.165829863C>T", brain,
brain,          "symbol": "TYRO3", brain,  "genomic_dna_change": "chr15:g.41568942T>A", brain,
brain,          "symbol": "SLC16A6", brain,  "genomic_dna_change": "chr17:g.68271352C>A", brain,
